title,categoryName,address,city,postalCode,state,phone,website,totalScore,reviewsCount,url,placeId,description,openingHours,emails,engineers,googleAds,onlineBooking,searchString,notes
Dunsmore Gas & Heating (Demo),Plumber,"32 Mill Lane, London",London,SE1 4LS,Greater London,07700 900922,https://www.dunsmore-gas--heating.example.com,4.3,316,https://www.google.com/maps/place/?q=place_id:DEMO0000,DEMOPLACE0000,"Emergency plumbers on call 24 hours a day, 7 days a week. Same-day response across London.","[""Monday: 8:30 AM \u2013 5:00 PM"", ""Tuesday: 8:30 AM \u2013 5:00 PM"", ""Wednesday: 8:30 AM \u2013 5:00 PM"", ""Thursday: 8:30 AM \u2013 5:00 PM"", ""Friday: 8:30 AM \u2013 4:30 PM"", ""Saturday: Closed"", ""Sunday: Closed""]",,8,no,no,plumber in London,Fictional demo record. Phone numbers are from Ofcom's reserved drama/fiction ranges and reach nobody.
Lowfield Plumbing Services (Demo),Heating contractor,"92 Bridge Street, London",London,N4 9ZD,Greater London,020 7946 0002,https://www.lowfield-plumbing-services.example.com,4.6,426,https://www.google.com/maps/place/?q=place_id:DEMO0001,DEMOPLACE0001,"Drainage, plumbing and heating specialists serving London and the surrounding area. Open 24 hours for emergencies.","[""Monday: Open 24 hours"", ""Tuesday: Open 24 hours"", ""Wednesday: Open 24 hours"", ""Thursday: Open 24 hours"", ""Friday: Open 24 hours"", ""Saturday: Open 24 hours"", ""Sunday: Open 24 hours""]",info@lowfield-plumbing-services.example.com,2,no,no,heating engineer in London,Fictional demo record. Phone numbers are from Ofcom's reserved drama/fiction ranges and reach nobody.
Granville Gas & Heating (Demo),Boiler supplier,"128 High Street, Manchester",Manchester,M20 8LS,Greater Manchester,0161 496 0001,https://www.granville-gas--heating.example.com,4.2,96,https://www.google.com/maps/place/?q=place_id:DEMO0002,DEMOPLACE0002,"Commercial and domestic heating contractor. Boiler installation, power flushing and landlord certificates. Open 24 hours for emergencies.","[""Monday: Open 24 hours"", ""Tuesday: Open 24 hours"", ""Wednesday: Open 24 hours"", ""Thursday: Open 24 hours"", ""Friday: Open 24 hours"", ""Saturday: Open 24 hours"", ""Sunday: Open 24 hours""]",info@granville-gas--heating.example.com,,no,no,boiler repair in Manchester,Fictional demo record. Phone numbers are from Ofcom's reserved drama/fiction ranges and reach nobody.
Westerby Heating Services (Demo),Plumber,"123 Station Road, Salford",Salford,M50 8NT,Greater Manchester,0161 496 0002,https://www.westerby-heating-services.example.com,4.6,402,https://www.google.com/maps/place/?q=place_id:DEMO0003,DEMOPLACE0003,"Commercial and domestic heating contractor. Boiler installation, power flushing and landlord certificates.","[""Monday: 8:00 AM \u2013 5:30 PM"", ""Tuesday: 8:00 AM \u2013 5:30 PM"", ""Wednesday: 8:00 AM \u2013 5:30 PM"", ""Thursday: 8:00 AM \u2013 5:30 PM"", ""Friday: 8:00 AM \u2013 5:00 PM"", ""Saturday: 9:00 AM \u2013 1:00 PM"", ""Sunday: Closed""]",,2,yes,no,emergency plumber in Salford,Fictional demo record. Phone numbers are from Ofcom's reserved drama/fiction ranges and reach nobody.
Ashdown Heating & Gas (Demo),HVAC contractor,"80 Queens Road, Birmingham",Birmingham,B15 2WD,West Midlands,0121 496 0001,https://www.ashdown-heating--gas.example.com,4.6,17,https://www.google.com/maps/place/?q=place_id:DEMO0004,DEMOPLACE0004,Family-run plumbing and heating company covering Birmingham. Emergency callouts available.,"[""Monday: 8:30 AM \u2013 5:00 PM"", ""Tuesday: 8:30 AM \u2013 5:00 PM"", ""Wednesday: 8:30 AM \u2013 5:00 PM"", ""Thursday: 8:30 AM \u2013 5:00 PM"", ""Friday: 8:30 AM \u2013 4:30 PM"", ""Saturday: Closed"", ""Sunday: Closed""]",info@ashdown-heating--gas.example.com,6,no,yes,plumbing and heating in Birmingham,Fictional demo record. Phone numbers are from Ofcom's reserved drama/fiction ranges and reach nobody.
Pinnacle Row Boiler Care (Demo),Plumber,"235 High Street, Solihull",Solihull,B91 7JP,West Midlands,0121 496 0002,,4.5,56,https://www.google.com/maps/place/?q=place_id:DEMO0005,DEMOPLACE0005,"Emergency plumbers on call 24 hours a day, 7 days a week. Same-day response across Solihull.","[""Monday: 8:00 AM \u2013 5:30 PM"", ""Tuesday: 8:00 AM \u2013 5:30 PM"", ""Wednesday: 8:00 AM \u2013 5:30 PM"", ""Thursday: 8:00 AM \u2013 5:30 PM"", ""Friday: 8:00 AM \u2013 5:00 PM"", ""Saturday: 9:00 AM \u2013 1:00 PM"", ""Sunday: Closed""]",,2,no,no,plumber in Solihull,Fictional demo record. Phone numbers are from Ofcom's reserved drama/fiction ranges and reach nobody.
Yarrowfield Plumbing & Heating (Demo),Heating contractor,"22 Victoria Road, Leeds",Leeds,LS11 4PP,West Yorkshire,0113 496 0001,https://www.yarrowfield-plumbing--heating.example.com,4.4,8,https://www.google.com/maps/place/?q=place_id:DEMO0006,DEMOPLACE0006,24/7 emergency plumbing and heating callouts across Leeds. Gas Safe registered engineers.,"[""Monday: 8:00 AM \u2013 5:30 PM"", ""Tuesday: 8:00 AM \u2013 5:30 PM"", ""Wednesday: 8:00 AM \u2013 5:30 PM"", ""Thursday: 8:00 AM \u2013 5:30 PM"", ""Friday: 8:00 AM \u2013 5:00 PM"", ""Saturday: 9:00 AM \u2013 1:00 PM"", ""Sunday: Closed""]",info@yarrowfield-plumbing--heating.example.com,18,no,yes,heating engineer in Leeds,Fictional demo record. Phone numbers are from Ofcom's reserved drama/fiction ranges and reach nobody.
Ironsgate Heating Solutions (Demo),Boiler supplier,"6 Mill Lane, Sheffield",Sheffield,S11 9XB,South Yorkshire,07700 900964,,4.7,138,https://www.google.com/maps/place/?q=place_id:DEMO0007,DEMOPLACE0007,"Drainage, plumbing and heating specialists serving Sheffield and the surrounding area.","[""Monday: 8:00 AM \u2013 5:30 PM"", ""Tuesday: 8:00 AM \u2013 5:30 PM"", ""Wednesday: 8:00 AM \u2013 5:30 PM"", ""Thursday: 8:00 AM \u2013 5:30 PM"", ""Friday: 8:00 AM \u2013 5:00 PM"", ""Saturday: 9:00 AM \u2013 1:00 PM"", ""Sunday: Closed""]",,25,no,no,boiler repair in Sheffield,Fictional demo record. Phone numbers are from Ofcom's reserved drama/fiction ranges and reach nobody.
Hollowmead Plumbing Group (Demo),Plumber,"50 Church Way, Nottingham",Nottingham,NG7 8YD,Nottinghamshire,0115 496 0001,,4.9,167,https://www.google.com/maps/place/?q=place_id:DEMO0008,DEMOPLACE0008,"Commercial and domestic heating contractor. Boiler installation, power flushing and landlord certificates.","[""Monday: 8:00 AM \u2013 5:30 PM"", ""Tuesday: 8:00 AM \u2013 5:30 PM"", ""Wednesday: 8:00 AM \u2013 5:30 PM"", ""Thursday: 8:00 AM \u2013 5:30 PM"", ""Friday: 8:00 AM \u2013 5:00 PM"", ""Saturday: 9:00 AM \u2013 1:00 PM"", ""Sunday: Closed""]",,12,no,no,emergency plumber in Nottingham,Fictional demo record. Phone numbers are from Ofcom's reserved drama/fiction ranges and reach nobody.
Stonebridge Gas & Heating (Demo),HVAC contractor,"93 Park Avenue, Leicester",Leicester,LE2 4LB,Leicestershire,0116 496 0001,,4.8,41,https://www.google.com/maps/place/?q=place_id:DEMO0009,DEMOPLACE0009,24/7 emergency plumbing and heating callouts across Leicester. Gas Safe registered engineers.,"[""Monday: Open 24 hours"", ""Tuesday: Open 24 hours"", ""Wednesday: Open 24 hours"", ""Thursday: Open 24 hours"", ""Friday: Open 24 hours"", ""Saturday: Open 24 hours"", ""Sunday: Open 24 hours""]",,6,no,no,plumbing and heating in Leicester,Fictional demo record. Phone numbers are from Ofcom's reserved drama/fiction ranges and reach nobody.
Redmoor Boiler Care (Demo),Plumber,"180 Queens Road, Bristol",Bristol,BS5 5QQ,Bristol,0117 496 0001,,4.5,41,https://www.google.com/maps/place/?q=place_id:DEMO0010,DEMOPLACE0010,"Gas Safe heating engineers specialising in boiler breakdowns, servicing and central heating upgrades.","[""Monday: 8:00 AM \u2013 5:30 PM"", ""Tuesday: 8:00 AM \u2013 5:30 PM"", ""Wednesday: 8:00 AM \u2013 5:30 PM"", ""Thursday: 8:00 AM \u2013 5:30 PM"", ""Friday: 8:00 AM \u2013 5:00 PM"", ""Saturday: 9:00 AM \u2013 1:00 PM"", ""Sunday: Closed""]",,2,no,no,plumber in Bristol,Fictional demo record. Phone numbers are from Ofcom's reserved drama/fiction ranges and reach nobody.
Ironsgate Plumbing Co (Demo),Heating contractor,"141 Queens Road, Reading",Reading,RG1 4TX,Berkshire,0118 496 0001,https://www.ironsgate-plumbing-co.example.com,4.2,402,https://www.google.com/maps/place/?q=place_id:DEMO0011,DEMOPLACE0011,"Local plumber in Reading for leaks, blockages, bathrooms and general plumbing repairs.","[""Monday: 8:30 AM \u2013 5:00 PM"", ""Tuesday: 8:30 AM \u2013 5:00 PM"", ""Wednesday: 8:30 AM \u2013 5:00 PM"", ""Thursday: 8:30 AM \u2013 5:00 PM"", ""Friday: 8:30 AM \u2013 4:30 PM"", ""Saturday: Closed"", ""Sunday: Closed""]",,3,no,no,heating engineer in Reading,Fictional demo record. Phone numbers are from Ofcom's reserved drama/fiction ranges and reach nobody.
Redmoor Gas & Heating (Demo),Boiler supplier,"38 Park Avenue, Edinburgh",Edinburgh,EH11 4EX,Scotland,0131 496 0001,https://www.redmoor-gas--heating.example.com,4.0,17,https://www.google.com/maps/place/?q=place_id:DEMO0012,DEMOPLACE0012,"Emergency plumbers on call 24 hours a day, 7 days a week. Same-day response across Edinburgh.","[""Monday: Open 24 hours"", ""Tuesday: Open 24 hours"", ""Wednesday: Open 24 hours"", ""Thursday: Open 24 hours"", ""Friday: Open 24 hours"", ""Saturday: Open 24 hours"", ""Sunday: Open 24 hours""]",,2,no,no,boiler repair in Edinburgh,Fictional demo record. Phone numbers are from Ofcom's reserved drama/fiction ranges and reach nobody.
Quarryhill Plumbing Group (Demo),Plumber,"40 Station Road, Glasgow",Glasgow,G41 7TE,Scotland,0141 496 0001,https://www.quarryhill-plumbing-group.example.com,4.4,288,https://www.google.com/maps/place/?q=place_id:DEMO0013,DEMOPLACE0013,"Gas Safe heating engineers specialising in boiler breakdowns, servicing and central heating upgrades. Open 24 hours for emergencies.","[""Monday: Open 24 hours"", ""Tuesday: Open 24 hours"", ""Wednesday: Open 24 hours"", ""Thursday: Open 24 hours"", ""Friday: Open 24 hours"", ""Saturday: Open 24 hours"", ""Sunday: Open 24 hours""]",,12,no,no,emergency plumber in Glasgow,Fictional demo record. Phone numbers are from Ofcom's reserved drama/fiction ranges and reach nobody.
Northgate Heating & Gas (Demo),HVAC contractor,"63 High Street, Liverpool",Liverpool,L18 8EE,Merseyside,07700 900185,https://www.northgate-heating--gas.example.com,4.5,41,https://www.google.com/maps/place/?q=place_id:DEMO0014,DEMOPLACE0014,"Emergency plumbers on call 24 hours a day, 7 days a week. Same-day response across Liverpool.","[""Monday: Open 24 hours"", ""Tuesday: Open 24 hours"", ""Wednesday: Open 24 hours"", ""Thursday: Open 24 hours"", ""Friday: Open 24 hours"", ""Saturday: Open 24 hours"", ""Sunday: Open 24 hours""]",,,no,no,plumbing and heating in Liverpool,Fictional demo record. Phone numbers are from Ofcom's reserved drama/fiction ranges and reach nobody.
Harrowfield Heating Services (Demo),Plumber,"141 Park Avenue, Newcastle upon Tyne",Newcastle upon Tyne,NE6 4PH,Tyne and Wear,07700 900928,,4.8,112,https://www.google.com/maps/place/?q=place_id:DEMO0015,DEMOPLACE0015,"Commercial and domestic heating contractor. Boiler installation, power flushing and landlord certificates. Open 24 hours for emergencies.","[""Monday: Open 24 hours"", ""Tuesday: Open 24 hours"", ""Wednesday: Open 24 hours"", ""Thursday: Open 24 hours"", ""Friday: Open 24 hours"", ""Saturday: Open 24 hours"", ""Sunday: Open 24 hours""]",,2,no,no,plumber in Newcastle upon Tyne,Fictional demo record. Phone numbers are from Ofcom's reserved drama/fiction ranges and reach nobody.
Oakhurst Plumbing Services (Demo),Heating contractor,"24 Church Way, Cardiff",Cardiff,CF24 3XB,Wales,029 2018 0001,https://www.oakhurst-plumbing-services.example.com,4.5,74,https://www.google.com/maps/place/?q=place_id:DEMO0016,DEMOPLACE0016,"Drainage, plumbing and heating specialists serving Cardiff and the surrounding area.","[""Monday: 8:30 AM \u2013 5:00 PM"", ""Tuesday: 8:30 AM \u2013 5:00 PM"", ""Wednesday: 8:30 AM \u2013 5:00 PM"", ""Thursday: 8:30 AM \u2013 5:00 PM"", ""Friday: 8:30 AM \u2013 4:30 PM"", ""Saturday: Closed"", ""Sunday: Closed""]",,4,yes,yes,heating engineer in Cardiff,Fictional demo record. Phone numbers are from Ofcom's reserved drama/fiction ranges and reach nobody.
Marlow Vale Plumbing Group (Demo),Boiler supplier,"33 Church Way, Bradford",Bradford,BD7 5LS,West Yorkshire,01632 960001,https://www.marlow-vale-plumbing-group.example.com,4.7,74,https://www.google.com/maps/place/?q=place_id:DEMO0017,DEMOPLACE0017,24/7 emergency plumbing and heating callouts across Bradford. Gas Safe registered engineers.,"[""Monday: 8:00 AM \u2013 5:30 PM"", ""Tuesday: 8:00 AM \u2013 5:30 PM"", ""Wednesday: 8:00 AM \u2013 5:30 PM"", ""Thursday: 8:00 AM \u2013 5:30 PM"", ""Friday: 8:00 AM \u2013 5:00 PM"", ""Saturday: 9:00 AM \u2013 1:00 PM"", ""Sunday: Closed""]",info@marlow-vale-plumbing-group.example.com,18,yes,no,boiler repair in Bradford,Fictional demo record. Phone numbers are from Ofcom's reserved drama/fiction ranges and reach nobody.
Ironsgate Gas & Heating (Demo),Plumber,"186 High Street, Coventry",Coventry,CV1 1AD,West Midlands,01632 960002,https://www.ironsgate-gas--heating.example.com,4.0,41,https://www.google.com/maps/place/?q=place_id:DEMO0018,DEMOPLACE0018,Family-run plumbing and heating company covering Coventry. Emergency callouts available.,"[""Monday: 8:00 AM \u2013 5:30 PM"", ""Tuesday: 8:00 AM \u2013 5:30 PM"", ""Wednesday: 8:00 AM \u2013 5:30 PM"", ""Thursday: 8:00 AM \u2013 5:30 PM"", ""Friday: 8:00 AM \u2013 5:00 PM"", ""Saturday: 9:00 AM \u2013 1:00 PM"", ""Sunday: Closed""]",,18,no,no,emergency plumber in Coventry,Fictional demo record. Phone numbers are from Ofcom's reserved drama/fiction ranges and reach nobody.
Fairbourne Gas & Heating (Demo),HVAC contractor,"175 Bridge Street, Derby",Derby,DE22 3FR,Derbyshire,01632 960003,https://www.fairbourne-gas--heating.example.com,4.0,402,https://www.google.com/maps/place/?q=place_id:DEMO0019,DEMOPLACE0019,"Local plumber in Derby for leaks, blockages, bathrooms and general plumbing repairs.","[""Monday: 8:00 AM \u2013 5:30 PM"", ""Tuesday: 8:00 AM \u2013 5:30 PM"", ""Wednesday: 8:00 AM \u2013 5:30 PM"", ""Thursday: 8:00 AM \u2013 5:30 PM"", ""Friday: 8:00 AM \u2013 5:00 PM"", ""Saturday: 9:00 AM \u2013 1:00 PM"", ""Sunday: Closed""]",,3,no,no,plumbing and heating in Derby,Fictional demo record. Phone numbers are from Ofcom's reserved drama/fiction ranges and reach nobody.
Stonebridge Heating Services (Demo),Plumber,"55 Mill Lane, Norwich",Norwich,NR3 6FP,Norfolk,07700 900213,https://www.stonebridge-heating-services.example.com,4.1,112,https://www.google.com/maps/place/?q=place_id:DEMO0020,DEMOPLACE0020,24/7 emergency plumbing and heating callouts across Norwich. Gas Safe registered engineers.,"[""Monday: 8:30 AM \u2013 5:00 PM"", ""Tuesday: 8:30 AM \u2013 5:00 PM"", ""Wednesday: 8:30 AM \u2013 5:00 PM"", ""Thursday: 8:30 AM \u2013 5:00 PM"", ""Friday: 8:30 AM \u2013 4:30 PM"", ""Saturday: Closed"", ""Sunday: Closed""]",info@stonebridge-heating-services.example.com,4,no,no,plumber in Norwich,Fictional demo record. Phone numbers are from Ofcom's reserved drama/fiction ranges and reach nobody.
Thornwick Plumbing & Heating (Demo),Heating contractor,"100 Church Way, Plymouth",Plymouth,PL4 8LR,Devon,01632 960005,https://www.thornwick-plumbing--heating.example.com,4.2,511,https://www.google.com/maps/place/?q=place_id:DEMO0021,DEMOPLACE0021,24/7 emergency plumbing and heating callouts across Plymouth. Gas Safe registered engineers.,"[""Monday: 8:00 AM \u2013 5:30 PM"", ""Tuesday: 8:00 AM \u2013 5:30 PM"", ""Wednesday: 8:00 AM \u2013 5:30 PM"", ""Thursday: 8:00 AM \u2013 5:30 PM"", ""Friday: 8:00 AM \u2013 5:00 PM"", ""Saturday: 9:00 AM \u2013 1:00 PM"", ""Sunday: Closed""]",info@thornwick-plumbing--heating.example.com,12,no,no,heating engineer in Plymouth,Fictional demo record. Phone numbers are from Ofcom's reserved drama/fiction ranges and reach nobody.
Jubilee Row Heating & Gas (Demo),Boiler supplier,"221 Victoria Road, Southampton",Southampton,SO15 4SN,Hampshire,07700 900763,https://www.jubilee-row-heating--gas.example.com,4.3,112,https://www.google.com/maps/place/?q=place_id:DEMO0022,DEMOPLACE0022,Family-run plumbing and heating company covering Southampton. Emergency callouts available. Open 24 hours for emergencies.,"[""Monday: Open 24 hours"", ""Tuesday: Open 24 hours"", ""Wednesday: Open 24 hours"", ""Thursday: Open 24 hours"", ""Friday: Open 24 hours"", ""Saturday: Open 24 hours"", ""Sunday: Open 24 hours""]",,12,no,no,boiler repair in Southampton,Fictional demo record. Phone numbers are from Ofcom's reserved drama/fiction ranges and reach nobody.
Lintonbury Plumbing Services (Demo),Plumber,"92 Station Road, Brighton",Brighton,BN2 8JD,East Sussex,07700 900462,https://www.lintonbury-plumbing-services.example.com,4.3,74,https://www.google.com/maps/place/?q=place_id:DEMO0023,DEMOPLACE0023,"Commercial and domestic heating contractor. Boiler installation, power flushing and landlord certificates. Open 24 hours for emergencies.","[""Monday: Open 24 hours"", ""Tuesday: Open 24 hours"", ""Wednesday: Open 24 hours"", ""Thursday: Open 24 hours"", ""Friday: Open 24 hours"", ""Saturday: Open 24 hours"", ""Sunday: Open 24 hours""]",,,yes,no,emergency plumber in Brighton,Fictional demo record. Phone numbers are from Ofcom's reserved drama/fiction ranges and reach nobody.
Redmoor Plumbing Group (Demo),HVAC contractor,"147 Queens Road, Milton Keynes",Milton Keynes,MK9 6US,Buckinghamshire,01632 960008,https://www.redmoor-plumbing-group.example.com,4.1,56,https://www.google.com/maps/place/?q=place_id:DEMO0024,DEMOPLACE0024,"Commercial and domestic heating contractor. Boiler installation, power flushing and landlord certificates.","[""Monday: 8:00 AM \u2013 5:30 PM"", ""Tuesday: 8:00 AM \u2013 5:30 PM"", ""Wednesday: 8:00 AM \u2013 5:30 PM"", ""Thursday: 8:00 AM \u2013 5:30 PM"", ""Friday: 8:00 AM \u2013 5:00 PM"", ""Saturday: 9:00 AM \u2013 1:00 PM"", ""Sunday: Closed""]",info@redmoor-plumbing-group.example.com,18,yes,no,plumbing and heating in Milton Keynes,Fictional demo record. Phone numbers are from Ofcom's reserved drama/fiction ranges and reach nobody.
Ironsgate Plumbing Services (Demo),Plumber,"178 Bridge Street, Stockport",Stockport,SK3 5WH,Greater Manchester,0161 496 0003,https://www.ironsgate-plumbing-services.example.com,4.0,167,https://www.google.com/maps/place/?q=place_id:DEMO0025,DEMOPLACE0025,"Drainage, plumbing and heating specialists serving Stockport and the surrounding area.","[""Monday: 8:30 AM \u2013 5:00 PM"", ""Tuesday: 8:30 AM \u2013 5:00 PM"", ""Wednesday: 8:30 AM \u2013 5:00 PM"", ""Thursday: 8:30 AM \u2013 5:00 PM"", ""Friday: 8:30 AM \u2013 4:30 PM"", ""Saturday: Closed"", ""Sunday: Closed""]",info@ironsgate-plumbing-services.example.com,6,no,no,plumber in Stockport,Fictional demo record. Phone numbers are from Ofcom's reserved drama/fiction ranges and reach nobody.
Redmoor Plumbing Services (Demo),Heating contractor,"33 Park Avenue, London",London,SE1 3SG,Greater London,020 7946 0003,https://www.redmoor-plumbing-services.example.com,4.7,96,https://www.google.com/maps/place/?q=place_id:DEMO0026,DEMOPLACE0026,Family-run plumbing and heating company covering London. Emergency callouts available.,"[""Monday: 8:00 AM \u2013 5:30 PM"", ""Tuesday: 8:00 AM \u2013 5:30 PM"", ""Wednesday: 8:00 AM \u2013 5:30 PM"", ""Thursday: 8:00 AM \u2013 5:30 PM"", ""Friday: 8:00 AM \u2013 5:00 PM"", ""Saturday: 9:00 AM \u2013 1:00 PM"", ""Sunday: Closed""]",,6,yes,no,heating engineer in London,Fictional demo record. Phone numbers are from Ofcom's reserved drama/fiction ranges and reach nobody.
Penrose Plumbing Group (Demo),Boiler supplier,"99 Mill Lane, London",London,N4 3LT,Greater London,020 7946 0004,https://www.penrose-plumbing-group.example.com,4.4,316,https://www.google.com/maps/place/?q=place_id:DEMO0027,DEMOPLACE0027,"Boiler repairs, servicing and new boiler installations for domestic customers in London.","[""Monday: 8:00 AM \u2013 5:30 PM"", ""Tuesday: 8:00 AM \u2013 5:30 PM"", ""Wednesday: 8:00 AM \u2013 5:30 PM"", ""Thursday: 8:00 AM \u2013 5:30 PM"", ""Friday: 8:00 AM \u2013 5:00 PM"", ""Saturday: 9:00 AM \u2013 1:00 PM"", ""Sunday: Closed""]",info@penrose-plumbing-group.example.com,6,no,no,boiler repair in London,Fictional demo record. Phone numbers are from Ofcom's reserved drama/fiction ranges and reach nobody.
Blackthorn Heating Services (Demo),Plumber,"112 Victoria Road, Manchester",Manchester,M20 1ES,Greater Manchester,0161 496 0004,https://www.blackthorn-heating-services.example.com,4.4,56,https://www.google.com/maps/place/?q=place_id:DEMO0028,DEMOPLACE0028,"Gas Safe heating engineers specialising in boiler breakdowns, servicing and central heating upgrades.","[""Monday: 8:00 AM \u2013 5:30 PM"", ""Tuesday: 8:00 AM \u2013 5:30 PM"", ""Wednesday: 8:00 AM \u2013 5:30 PM"", ""Thursday: 8:00 AM \u2013 5:30 PM"", ""Friday: 8:00 AM \u2013 5:00 PM"", ""Saturday: 9:00 AM \u2013 1:00 PM"", ""Sunday: Closed""]",info@blackthorn-heating-services.example.com,25,no,no,emergency plumber in Manchester,Fictional demo record. Phone numbers are from Ofcom's reserved drama/fiction ranges and reach nobody.
Lintonbury Heating Services (Demo),HVAC contractor,"55 Victoria Road, Salford",Salford,M50 9XF,Greater Manchester,07700 900499,https://www.lintonbury-heating-services.example.com,4.2,41,https://www.google.com/maps/place/?q=place_id:DEMO0029,DEMOPLACE0029,24/7 emergency plumbing and heating callouts across Salford. Gas Safe registered engineers.,"[""Monday: 8:30 AM \u2013 5:00 PM"", ""Tuesday: 8:30 AM \u2013 5:00 PM"", ""Wednesday: 8:30 AM \u2013 5:00 PM"", ""Thursday: 8:30 AM \u2013 5:00 PM"", ""Friday: 8:30 AM \u2013 4:30 PM"", ""Saturday: Closed"", ""Sunday: Closed""]",,3,yes,no,plumbing and heating in Salford,Fictional demo record. Phone numbers are from Ofcom's reserved drama/fiction ranges and reach nobody.
Brookvale Gas & Heating (Demo),Plumber,"226 Church Way, Birmingham",Birmingham,B15 9TN,West Midlands,07700 900978,https://www.brookvale-gas--heating.example.com,4.3,251,https://www.google.com/maps/place/?q=place_id:DEMO0030,DEMOPLACE0030,Family-run plumbing and heating company covering Birmingham. Emergency callouts available.,"[""Monday: 8:00 AM \u2013 5:30 PM"", ""Tuesday: 8:00 AM \u2013 5:30 PM"", ""Wednesday: 8:00 AM \u2013 5:30 PM"", ""Thursday: 8:00 AM \u2013 5:30 PM"", ""Friday: 8:00 AM \u2013 5:00 PM"", ""Saturday: 9:00 AM \u2013 1:00 PM"", ""Sunday: Closed""]",info@brookvale-gas--heating.example.com,3,yes,no,plumber in Birmingham,Fictional demo record. Phone numbers are from Ofcom's reserved drama/fiction ranges and reach nobody.
Oakhurst Boiler Care (Demo),Heating contractor,"48 Park Avenue, Solihull",Solihull,B91 2ST,West Midlands,0121 496 0004,https://www.oakhurst-boiler-care.example.com,4.4,112,https://www.google.com/maps/place/?q=place_id:DEMO0031,DEMOPLACE0031,"Gas Safe heating engineers specialising in boiler breakdowns, servicing and central heating upgrades.","[""Monday: 8:00 AM \u2013 5:30 PM"", ""Tuesday: 8:00 AM \u2013 5:30 PM"", ""Wednesday: 8:00 AM \u2013 5:30 PM"", ""Thursday: 8:00 AM \u2013 5:30 PM"", ""Friday: 8:00 AM \u2013 5:00 PM"", ""Saturday: 9:00 AM \u2013 1:00 PM"", ""Sunday: Closed""]",info@oakhurst-boiler-care.example.com,18,no,no,heating engineer in Solihull,Fictional demo record. Phone numbers are from Ofcom's reserved drama/fiction ranges and reach nobody.
Pinnacle Row Drains & Plumbing (Demo),Boiler supplier,"125 Victoria Road, Leeds",Leeds,LS11 6JN,West Yorkshire,0113 496 0002,,4.8,17,https://www.google.com/maps/place/?q=place_id:DEMO0032,DEMOPLACE0032,"Gas Safe heating engineers specialising in boiler breakdowns, servicing and central heating upgrades.","[""Monday: 8:00 AM \u2013 5:30 PM"", ""Tuesday: 8:00 AM \u2013 5:30 PM"", ""Wednesday: 8:00 AM \u2013 5:30 PM"", ""Thursday: 8:00 AM \u2013 5:30 PM"", ""Friday: 8:00 AM \u2013 5:00 PM"", ""Saturday: 9:00 AM \u2013 1:00 PM"", ""Sunday: Closed""]",,,no,no,boiler repair in Leeds,Fictional demo record. Phone numbers are from Ofcom's reserved drama/fiction ranges and reach nobody.
Redmoor Drains & Plumbing (Demo),Plumber,"18 Station Road, Sheffield",Sheffield,S11 1BL,South Yorkshire,07700 900550,https://www.redmoor-drains--plumbing.example.com,4.1,23,https://www.google.com/maps/place/?q=place_id:DEMO0033,DEMOPLACE0033,"Commercial and domestic heating contractor. Boiler installation, power flushing and landlord certificates.","[""Monday: 8:00 AM \u2013 5:30 PM"", ""Tuesday: 8:00 AM \u2013 5:30 PM"", ""Wednesday: 8:00 AM \u2013 5:30 PM"", ""Thursday: 8:00 AM \u2013 5:30 PM"", ""Friday: 8:00 AM \u2013 5:00 PM"", ""Saturday: 9:00 AM \u2013 1:00 PM"", ""Sunday: Closed""]",info@redmoor-drains--plumbing.example.com,25,no,yes,emergency plumber in Sheffield,Fictional demo record. Phone numbers are from Ofcom's reserved drama/fiction ranges and reach nobody.
Brookvale Heating Services (Demo),HVAC contractor,"54 Park Avenue, Nottingham",Nottingham,NG7 6YA,Nottinghamshire,0115 496 0002,https://www.brookvale-heating-services.example.com,4.5,402,https://www.google.com/maps/place/?q=place_id:DEMO0034,DEMOPLACE0034,24/7 emergency plumbing and heating callouts across Nottingham. Gas Safe registered engineers.,"[""Monday: 8:00 AM \u2013 5:30 PM"", ""Tuesday: 8:00 AM \u2013 5:30 PM"", ""Wednesday: 8:00 AM \u2013 5:30 PM"", ""Thursday: 8:00 AM \u2013 5:30 PM"", ""Friday: 8:00 AM \u2013 5:00 PM"", ""Saturday: 9:00 AM \u2013 1:00 PM"", ""Sunday: Closed""]",info@brookvale-heating-services.example.com,2,no,no,plumbing and heating in Nottingham,Fictional demo record. Phone numbers are from Ofcom's reserved drama/fiction ranges and reach nobody.
Cavendish Row Plumbing Co (Demo),Plumber,"88 Station Road, Leicester",Leicester,LE2 9FG,Leicestershire,0116 496 0002,https://www.cavendish-row-plumbing-co.example.com,4.6,23,https://www.google.com/maps/place/?q=place_id:DEMO0035,DEMOPLACE0035,"Drainage, plumbing and heating specialists serving Leicester and the surrounding area.","[""Monday: 8:00 AM \u2013 5:30 PM"", ""Tuesday: 8:00 AM \u2013 5:30 PM"", ""Wednesday: 8:00 AM \u2013 5:30 PM"", ""Thursday: 8:00 AM \u2013 5:30 PM"", ""Friday: 8:00 AM \u2013 5:00 PM"", ""Saturday: 9:00 AM \u2013 1:00 PM"", ""Sunday: Closed""]",info@cavendish-row-plumbing-co.example.com,12,no,no,plumber in Leicester,Fictional demo record. Phone numbers are from Ofcom's reserved drama/fiction ranges and reach nobody.
Marlow Vale Gas & Heating (Demo),Heating contractor,"82 High Street, Bristol",Bristol,BS5 2JX,Bristol,0117 496 0002,https://www.marlow-vale-gas--heating.example.com,4.8,402,https://www.google.com/maps/place/?q=place_id:DEMO0036,DEMOPLACE0036,"Emergency plumbers on call 24 hours a day, 7 days a week. Same-day response across Bristol.","[""Monday: 8:00 AM \u2013 5:30 PM"", ""Tuesday: 8:00 AM \u2013 5:30 PM"", ""Wednesday: 8:00 AM \u2013 5:30 PM"", ""Thursday: 8:00 AM \u2013 5:30 PM"", ""Friday: 8:00 AM \u2013 5:00 PM"", ""Saturday: 9:00 AM \u2013 1:00 PM"", ""Sunday: Closed""]",,6,yes,no,heating engineer in Bristol,Fictional demo record. Phone numbers are from Ofcom's reserved drama/fiction ranges and reach nobody.
Marlow Vale Plumbing Co (Demo),Boiler supplier,"151 High Street, Reading",Reading,RG1 7GU,Berkshire,0118 496 0002,https://www.marlow-vale-plumbing-co.example.com,4.3,167,https://www.google.com/maps/place/?q=place_id:DEMO0037,DEMOPLACE0037,Family-run plumbing and heating company covering Reading. Emergency callouts available.,"[""Monday: 8:00 AM \u2013 5:30 PM"", ""Tuesday: 8:00 AM \u2013 5:30 PM"", ""Wednesday: 8:00 AM \u2013 5:30 PM"", ""Thursday: 8:00 AM \u2013 5:30 PM"", ""Friday: 8:00 AM \u2013 5:00 PM"", ""Saturday: 9:00 AM \u2013 1:00 PM"", ""Sunday: Closed""]",info@marlow-vale-plumbing-co.example.com,8,yes,no,boiler repair in Reading,Fictional demo record. Phone numbers are from Ofcom's reserved drama/fiction ranges and reach nobody.
Pinnacle Row Heating & Gas (Demo),Plumber,"64 Church Way, Edinburgh",Edinburgh,EH11 7GB,Scotland,0131 496 0002,,4.4,511,https://www.google.com/maps/place/?q=place_id:DEMO0038,DEMOPLACE0038,Family-run plumbing and heating company covering Edinburgh. Emergency callouts available.,"[""Monday: 8:30 AM \u2013 5:00 PM"", ""Tuesday: 8:30 AM \u2013 5:00 PM"", ""Wednesday: 8:30 AM \u2013 5:00 PM"", ""Thursday: 8:30 AM \u2013 5:00 PM"", ""Friday: 8:30 AM \u2013 4:30 PM"", ""Saturday: Closed"", ""Sunday: Closed""]",,2,no,no,emergency plumber in Edinburgh,Fictional demo record. Phone numbers are from Ofcom's reserved drama/fiction ranges and reach nobody.
Quarryhill Drains & Plumbing (Demo),HVAC contractor,"157 High Street, Glasgow",Glasgow,G41 9AX,Scotland,0141 496 0002,https://www.quarryhill-drains--plumbing.example.com,4.2,74,https://www.google.com/maps/place/?q=place_id:DEMO0039,DEMOPLACE0039,"Gas Safe heating engineers specialising in boiler breakdowns, servicing and central heating upgrades.","[""Monday: 8:00 AM \u2013 5:30 PM"", ""Tuesday: 8:00 AM \u2013 5:30 PM"", ""Wednesday: 8:00 AM \u2013 5:30 PM"", ""Thursday: 8:00 AM \u2013 5:30 PM"", ""Friday: 8:00 AM \u2013 5:00 PM"", ""Saturday: 9:00 AM \u2013 1:00 PM"", ""Sunday: Closed""]",,,no,no,plumbing and heating in Glasgow,Fictional demo record. Phone numbers are from Ofcom's reserved drama/fiction ranges and reach nobody.
Merrivale Heating Solutions (Demo),Plumber,"108 Park Avenue, Liverpool",Liverpool,L18 4JE,Merseyside,0151 496 0002,,4.5,138,https://www.google.com/maps/place/?q=place_id:DEMO0040,DEMOPLACE0040,24/7 emergency plumbing and heating callouts across Liverpool. Gas Safe registered engineers.,"[""Monday: 8:30 AM \u2013 5:00 PM"", ""Tuesday: 8:30 AM \u2013 5:00 PM"", ""Wednesday: 8:30 AM \u2013 5:00 PM"", ""Thursday: 8:30 AM \u2013 5:00 PM"", ""Friday: 8:30 AM \u2013 4:30 PM"", ""Saturday: Closed"", ""Sunday: Closed""]",,12,no,no,plumber in Liverpool,Fictional demo record. Phone numbers are from Ofcom's reserved drama/fiction ranges and reach nobody.
Stonebridge Boiler Care (Demo),Heating contractor,"12 Church Way, Newcastle upon Tyne",Newcastle upon Tyne,NE6 7LH,Tyne and Wear,0191 498 0002,https://www.stonebridge-boiler-care.example.com,4.2,604,https://www.google.com/maps/place/?q=place_id:DEMO0041,DEMOPLACE0041,"Gas Safe heating engineers specialising in boiler breakdowns, servicing and central heating upgrades.","[""Monday: 8:30 AM \u2013 5:00 PM"", ""Tuesday: 8:30 AM \u2013 5:00 PM"", ""Wednesday: 8:30 AM \u2013 5:00 PM"", ""Thursday: 8:30 AM \u2013 5:00 PM"", ""Friday: 8:30 AM \u2013 4:30 PM"", ""Saturday: Closed"", ""Sunday: Closed""]",info@stonebridge-boiler-care.example.com,8,yes,no,heating engineer in Newcastle upon Tyne,Fictional demo record. Phone numbers are from Ofcom's reserved drama/fiction ranges and reach nobody.
Dunsmore Heating Services (Demo),Boiler supplier,"23 Mill Lane, Cardiff",Cardiff,CF24 1NY,Wales,029 2018 0002,https://www.dunsmore-heating-services.example.com,4.0,288,https://www.google.com/maps/place/?q=place_id:DEMO0042,DEMOPLACE0042,"Emergency plumbers on call 24 hours a day, 7 days a week. Same-day response across Cardiff.","[""Monday: 8:30 AM \u2013 5:00 PM"", ""Tuesday: 8:30 AM \u2013 5:00 PM"", ""Wednesday: 8:30 AM \u2013 5:00 PM"", ""Thursday: 8:30 AM \u2013 5:00 PM"", ""Friday: 8:30 AM \u2013 4:30 PM"", ""Saturday: Closed"", ""Sunday: Closed""]",info@dunsmore-heating-services.example.com,12,yes,no,boiler repair in Cardiff,Fictional demo record. Phone numbers are from Ofcom's reserved drama/fiction ranges and reach nobody.
Ashdown Plumbing Co (Demo),Plumber,"238 Bridge Street, Bradford",Bradford,BD7 8LA,West Yorkshire,07700 900163,,4.6,56,https://www.google.com/maps/place/?q=place_id:DEMO0043,DEMOPLACE0043,Family-run plumbing and heating company covering Bradford. Emergency callouts available.,"[""Monday: 8:00 AM \u2013 5:30 PM"", ""Tuesday: 8:00 AM \u2013 5:30 PM"", ""Wednesday: 8:00 AM \u2013 5:30 PM"", ""Thursday: 8:00 AM \u2013 5:30 PM"", ""Friday: 8:00 AM \u2013 5:00 PM"", ""Saturday: 9:00 AM \u2013 1:00 PM"", ""Sunday: Closed""]",,18,no,no,emergency plumber in Bradford,Fictional demo record. Phone numbers are from Ofcom's reserved drama/fiction ranges and reach nobody.
Kingsmoor Plumbing Co (Demo),HVAC contractor,"228 Park Avenue, Coventry",Coventry,CV1 7PE,West Midlands,07700 900270,https://www.kingsmoor-plumbing-co.example.com,4.1,56,https://www.google.com/maps/place/?q=place_id:DEMO0044,DEMOPLACE0044,"Commercial and domestic heating contractor. Boiler installation, power flushing and landlord certificates. Open 24 hours for emergencies.","[""Monday: Open 24 hours"", ""Tuesday: Open 24 hours"", ""Wednesday: Open 24 hours"", ""Thursday: Open 24 hours"", ""Friday: Open 24 hours"", ""Saturday: Open 24 hours"", ""Sunday: Open 24 hours""]",info@kingsmoor-plumbing-co.example.com,,no,no,plumbing and heating in Coventry,Fictional demo record. Phone numbers are from Ofcom's reserved drama/fiction ranges and reach nobody.
Cavendish Row Plumbing & Heating (Demo),Plumber,"45 Bridge Street, Derby",Derby,DE22 6FU,Derbyshire,01632 960011,https://www.cavendish-row-plumbing--heating.example.com,4.6,138,https://www.google.com/maps/place/?q=place_id:DEMO0045,DEMOPLACE0045,"Drainage, plumbing and heating specialists serving Derby and the surrounding area.","[""Monday: 8:00 AM \u2013 5:30 PM"", ""Tuesday: 8:00 AM \u2013 5:30 PM"", ""Wednesday: 8:00 AM \u2013 5:30 PM"", ""Thursday: 8:00 AM \u2013 5:30 PM"", ""Friday: 8:00 AM \u2013 5:00 PM"", ""Saturday: 9:00 AM \u2013 1:00 PM"", ""Sunday: Closed""]",info@cavendish-row-plumbing--heating.example.com,4,no,no,plumber in Derby,Fictional demo record. Phone numbers are from Ofcom's reserved drama/fiction ranges and reach nobody.
Kestrel Boiler Care (Demo),Heating contractor,"169 Park Avenue, Norwich",Norwich,NR3 5SE,Norfolk,01632 960012,https://www.kestrel-boiler-care.example.com,4.0,74,https://www.google.com/maps/place/?q=place_id:DEMO0046,DEMOPLACE0046,Family-run plumbing and heating company covering Norwich. Emergency callouts available.,"[""Monday: 8:30 AM \u2013 5:00 PM"", ""Tuesday: 8:30 AM \u2013 5:00 PM"", ""Wednesday: 8:30 AM \u2013 5:00 PM"", ""Thursday: 8:30 AM \u2013 5:00 PM"", ""Friday: 8:30 AM \u2013 4:30 PM"", ""Saturday: Closed"", ""Sunday: Closed""]",,3,yes,no,heating engineer in Norwich,Fictional demo record. Phone numbers are from Ofcom's reserved drama/fiction ranges and reach nobody.
Merrivale Heating Services (Demo),Boiler supplier,"54 Park Avenue, Plymouth",Plymouth,PL4 9UP,Devon,01632 960013,https://www.merrivale-heating-services.example.com,4.9,511,https://www.google.com/maps/place/?q=place_id:DEMO0047,DEMOPLACE0047,"Drainage, plumbing and heating specialists serving Plymouth and the surrounding area.","[""Monday: 8:00 AM \u2013 5:30 PM"", ""Tuesday: 8:00 AM \u2013 5:30 PM"", ""Wednesday: 8:00 AM \u2013 5:30 PM"", ""Thursday: 8:00 AM \u2013 5:30 PM"", ""Friday: 8:00 AM \u2013 5:00 PM"", ""Saturday: 9:00 AM \u2013 1:00 PM"", ""Sunday: Closed""]",,12,no,no,boiler repair in Plymouth,Fictional demo record. Phone numbers are from Ofcom's reserved drama/fiction ranges and reach nobody.
Pinnacle Row Heating Solutions (Demo),Plumber,"91 Church Way, Southampton",Southampton,SO15 1FS,Hampshire,01632 960014,https://www.pinnacle-row-heating-solutions.example.com,4.6,511,https://www.google.com/maps/place/?q=place_id:DEMO0048,DEMOPLACE0048,"Gas Safe heating engineers specialising in boiler breakdowns, servicing and central heating upgrades.","[""Monday: 8:30 AM \u2013 5:00 PM"", ""Tuesday: 8:30 AM \u2013 5:00 PM"", ""Wednesday: 8:30 AM \u2013 5:00 PM"", ""Thursday: 8:30 AM \u2013 5:00 PM"", ""Friday: 8:30 AM \u2013 4:30 PM"", ""Saturday: Closed"", ""Sunday: Closed""]",info@pinnacle-row-heating-solutions.example.com,18,yes,no,emergency plumber in Southampton,Fictional demo record. Phone numbers are from Ofcom's reserved drama/fiction ranges and reach nobody.
Merrivale Plumbing Services (Demo),HVAC contractor,"87 Park Avenue, Brighton",Brighton,BN2 5BB,East Sussex,01632 960015,https://www.merrivale-plumbing-services.example.com,4.0,8,https://www.google.com/maps/place/?q=place_id:DEMO0049,DEMOPLACE0049,"Drainage, plumbing and heating specialists serving Brighton and the surrounding area.","[""Monday: 8:00 AM \u2013 5:30 PM"", ""Tuesday: 8:00 AM \u2013 5:30 PM"", ""Wednesday: 8:00 AM \u2013 5:30 PM"", ""Thursday: 8:00 AM \u2013 5:30 PM"", ""Friday: 8:00 AM \u2013 5:00 PM"", ""Saturday: 9:00 AM \u2013 1:00 PM"", ""Sunday: Closed""]",,12,yes,no,plumbing and heating in Brighton,Fictional demo record. Phone numbers are from Ofcom's reserved drama/fiction ranges and reach nobody.
Jubilee Row Drains & Plumbing (Demo),Plumber,"64 Bridge Street, Milton Keynes",Milton Keynes,MK9 2PG,Buckinghamshire,01632 960016,https://www.jubilee-row-drains--plumbing.example.com,4.5,511,https://www.google.com/maps/place/?q=place_id:DEMO0050,DEMOPLACE0050,"Boiler repairs, servicing and new boiler installations for domestic customers in Milton Keynes. Open 24 hours for emergencies.","[""Monday: Open 24 hours"", ""Tuesday: Open 24 hours"", ""Wednesday: Open 24 hours"", ""Thursday: Open 24 hours"", ""Friday: Open 24 hours"", ""Saturday: Open 24 hours"", ""Sunday: Open 24 hours""]",info@jubilee-row-drains--plumbing.example.com,12,no,no,plumber in Milton Keynes,Fictional demo record. Phone numbers are from Ofcom's reserved drama/fiction ranges and reach nobody.
Fairbourne Plumbing Services (Demo),Heating contractor,"92 Victoria Road, Stockport",Stockport,SK3 1XR,Greater Manchester,0161 496 0006,https://www.fairbourne-plumbing-services.example.com,4.5,426,https://www.google.com/maps/place/?q=place_id:DEMO0051,DEMOPLACE0051,"Commercial and domestic heating contractor. Boiler installation, power flushing and landlord certificates.","[""Monday: 8:30 AM \u2013 5:00 PM"", ""Tuesday: 8:30 AM \u2013 5:00 PM"", ""Wednesday: 8:30 AM \u2013 5:00 PM"", ""Thursday: 8:30 AM \u2013 5:00 PM"", ""Friday: 8:30 AM \u2013 4:30 PM"", ""Saturday: Closed"", ""Sunday: Closed""]",info@fairbourne-plumbing-services.example.com,8,yes,no,heating engineer in Stockport,Fictional demo record. Phone numbers are from Ofcom's reserved drama/fiction ranges and reach nobody.
Stonebridge Heating Solutions (Demo),Boiler supplier,"25 Church Way, London",London,SE1 9UU,Greater London,07700 900120,https://www.stonebridge-heating-solutions.example.com,4.5,604,https://www.google.com/maps/place/?q=place_id:DEMO0052,DEMOPLACE0052,"Gas Safe heating engineers specialising in boiler breakdowns, servicing and central heating upgrades.","[""Monday: 8:30 AM \u2013 5:00 PM"", ""Tuesday: 8:30 AM \u2013 5:00 PM"", ""Wednesday: 8:30 AM \u2013 5:00 PM"", ""Thursday: 8:30 AM \u2013 5:00 PM"", ""Friday: 8:30 AM \u2013 4:30 PM"", ""Saturday: Closed"", ""Sunday: Closed""]",,18,yes,no,boiler repair in London,Fictional demo record. Phone numbers are from Ofcom's reserved drama/fiction ranges and reach nobody.
Westerby Heating Solutions (Demo),Plumber,"207 Park Avenue, London",London,N4 8LS,Greater London,07700 900248,,4.4,426,https://www.google.com/maps/place/?q=place_id:DEMO0053,DEMOPLACE0053,"Emergency plumbers on call 24 hours a day, 7 days a week. Same-day response across London.","[""Monday: 8:00 AM \u2013 5:30 PM"", ""Tuesday: 8:00 AM \u2013 5:30 PM"", ""Wednesday: 8:00 AM \u2013 5:30 PM"", ""Thursday: 8:00 AM \u2013 5:30 PM"", ""Friday: 8:00 AM \u2013 5:00 PM"", ""Saturday: 9:00 AM \u2013 1:00 PM"", ""Sunday: Closed""]",,3,no,no,emergency plumber in London,Fictional demo record. Phone numbers are from Ofcom's reserved drama/fiction ranges and reach nobody.
Lintonbury Boiler Care (Demo),HVAC contractor,"187 Bridge Street, Manchester",Manchester,M20 1FH,Greater Manchester,0161 496 0007,https://www.lintonbury-boiler-care.example.com,4.1,167,https://www.google.com/maps/place/?q=place_id:DEMO0054,DEMOPLACE0054,"Boiler repairs, servicing and new boiler installations for domestic customers in Manchester.","[""Monday: 8:30 AM \u2013 5:00 PM"", ""Tuesday: 8:30 AM \u2013 5:00 PM"", ""Wednesday: 8:30 AM \u2013 5:00 PM"", ""Thursday: 8:30 AM \u2013 5:00 PM"", ""Friday: 8:30 AM \u2013 4:30 PM"", ""Saturday: Closed"", ""Sunday: Closed""]",,8,no,yes,plumbing and heating in Manchester,Fictional demo record. Phone numbers are from Ofcom's reserved drama/fiction ranges and reach nobody.
Quarryhill Plumbing Co (Demo),Plumber,"80 Station Road, Salford",Salford,M50 3XH,Greater Manchester,0161 496 0008,https://www.quarryhill-plumbing-co.example.com,4.1,96,https://www.google.com/maps/place/?q=place_id:DEMO0055,DEMOPLACE0055,"Local plumber in Salford for leaks, blockages, bathrooms and general plumbing repairs.","[""Monday: 8:30 AM \u2013 5:00 PM"", ""Tuesday: 8:30 AM \u2013 5:00 PM"", ""Wednesday: 8:30 AM \u2013 5:00 PM"", ""Thursday: 8:30 AM \u2013 5:00 PM"", ""Friday: 8:30 AM \u2013 4:30 PM"", ""Saturday: Closed"", ""Sunday: Closed""]",info@quarryhill-plumbing-co.example.com,6,yes,no,plumber in Salford,Fictional demo record. Phone numbers are from Ofcom's reserved drama/fiction ranges and reach nobody.
Blackthorn Heating & Gas (Demo),Heating contractor,"10 Queens Road, Birmingham",Birmingham,B15 2PR,West Midlands,07700 900871,https://www.blackthorn-heating--gas.example.com,4.2,251,https://www.google.com/maps/place/?q=place_id:DEMO0056,DEMOPLACE0056,"Boiler repairs, servicing and new boiler installations for domestic customers in Birmingham.","[""Monday: 8:00 AM \u2013 5:30 PM"", ""Tuesday: 8:00 AM \u2013 5:30 PM"", ""Wednesday: 8:00 AM \u2013 5:30 PM"", ""Thursday: 8:00 AM \u2013 5:30 PM"", ""Friday: 8:00 AM \u2013 5:00 PM"", ""Saturday: 9:00 AM \u2013 1:00 PM"", ""Sunday: Closed""]",,2,yes,no,heating engineer in Birmingham,Fictional demo record. Phone numbers are from Ofcom's reserved drama/fiction ranges and reach nobody.
Granville Plumbing Group (Demo),Boiler supplier,"148 Station Road, Solihull",Solihull,B91 8EZ,West Midlands,0121 496 0006,,4.2,167,https://www.google.com/maps/place/?q=place_id:DEMO0057,DEMOPLACE0057,"Commercial and domestic heating contractor. Boiler installation, power flushing and landlord certificates. Open 24 hours for emergencies.","[""Monday: Open 24 hours"", ""Tuesday: Open 24 hours"", ""Wednesday: Open 24 hours"", ""Thursday: Open 24 hours"", ""Friday: Open 24 hours"", ""Saturday: Open 24 hours"", ""Sunday: Open 24 hours""]",,8,no,no,boiler repair in Solihull,Fictional demo record. Phone numbers are from Ofcom's reserved drama/fiction ranges and reach nobody.
Quarryhill Boiler Care (Demo),Plumber,"51 Victoria Road, Leeds",Leeds,LS11 3WH,West Yorkshire,07700 900292,https://www.quarryhill-boiler-care.example.com,4.2,138,https://www.google.com/maps/place/?q=place_id:DEMO0058,DEMOPLACE0058,Family-run plumbing and heating company covering Leeds. Emergency callouts available.,"[""Monday: 8:30 AM \u2013 5:00 PM"", ""Tuesday: 8:30 AM \u2013 5:00 PM"", ""Wednesday: 8:30 AM \u2013 5:00 PM"", ""Thursday: 8:30 AM \u2013 5:00 PM"", ""Friday: 8:30 AM \u2013 4:30 PM"", ""Saturday: Closed"", ""Sunday: Closed""]",info@quarryhill-boiler-care.example.com,2,yes,no,emergency plumber in Leeds,Fictional demo record. Phone numbers are from Ofcom's reserved drama/fiction ranges and reach nobody.
Vantage Heating Services (Demo),HVAC contractor,"215 Queens Road, Sheffield",Sheffield,S11 5DX,South Yorkshire,0114 496 0003,https://www.vantage-heating-services.example.com,4.4,402,https://www.google.com/maps/place/?q=place_id:DEMO0059,DEMOPLACE0059,"Gas Safe heating engineers specialising in boiler breakdowns, servicing and central heating upgrades.","[""Monday: 8:30 AM \u2013 5:00 PM"", ""Tuesday: 8:30 AM \u2013 5:00 PM"", ""Wednesday: 8:30 AM \u2013 5:00 PM"", ""Thursday: 8:30 AM \u2013 5:00 PM"", ""Friday: 8:30 AM \u2013 4:30 PM"", ""Saturday: Closed"", ""Sunday: Closed""]",info@vantage-heating-services.example.com,8,no,yes,plumbing and heating in Sheffield,Fictional demo record. Phone numbers are from Ofcom's reserved drama/fiction ranges and reach nobody.
Harrowfield Boiler Care (Demo),Plumber,"186 Park Avenue, Nottingham",Nottingham,NG7 7AD,Nottinghamshire,0115 496 0003,https://www.harrowfield-boiler-care.example.com,4.4,96,https://www.google.com/maps/place/?q=place_id:DEMO0060,DEMOPLACE0060,"Commercial and domestic heating contractor. Boiler installation, power flushing and landlord certificates.","[""Monday: 8:00 AM \u2013 5:30 PM"", ""Tuesday: 8:00 AM \u2013 5:30 PM"", ""Wednesday: 8:00 AM \u2013 5:30 PM"", ""Thursday: 8:00 AM \u2013 5:30 PM"", ""Friday: 8:00 AM \u2013 5:00 PM"", ""Saturday: 9:00 AM \u2013 1:00 PM"", ""Sunday: Closed""]",,6,yes,no,plumber in Nottingham,Fictional demo record. Phone numbers are from Ofcom's reserved drama/fiction ranges and reach nobody.
Harrowfield Plumbing Group (Demo),Heating contractor,"104 Church Way, Leicester",Leicester,LE2 6FS,Leicestershire,0116 496 0003,https://www.harrowfield-plumbing-group.example.com,4.5,96,https://www.google.com/maps/place/?q=place_id:DEMO0061,DEMOPLACE0061,"Drainage, plumbing and heating specialists serving Leicester and the surrounding area.","[""Monday: 8:00 AM \u2013 5:30 PM"", ""Tuesday: 8:00 AM \u2013 5:30 PM"", ""Wednesday: 8:00 AM \u2013 5:30 PM"", ""Thursday: 8:00 AM \u2013 5:30 PM"", ""Friday: 8:00 AM \u2013 5:00 PM"", ""Saturday: 9:00 AM \u2013 1:00 PM"", ""Sunday: Closed""]",info@harrowfield-plumbing-group.example.com,6,no,no,heating engineer in Leicester,Fictional demo record. Phone numbers are from Ofcom's reserved drama/fiction ranges and reach nobody.
Blackthorn Gas & Heating (Demo),Boiler supplier,"131 Station Road, Bristol",Bristol,BS5 8AB,Bristol,07700 900207,https://www.blackthorn-gas--heating.example.com,4.9,112,https://www.google.com/maps/place/?q=place_id:DEMO0062,DEMOPLACE0062,"Boiler repairs, servicing and new boiler installations for domestic customers in Bristol.","[""Monday: 8:00 AM \u2013 5:30 PM"", ""Tuesday: 8:00 AM \u2013 5:30 PM"", ""Wednesday: 8:00 AM \u2013 5:30 PM"", ""Thursday: 8:00 AM \u2013 5:30 PM"", ""Friday: 8:00 AM \u2013 5:00 PM"", ""Saturday: 9:00 AM \u2013 1:00 PM"", ""Sunday: Closed""]",info@blackthorn-gas--heating.example.com,6,no,no,boiler repair in Bristol,Fictional demo record. Phone numbers are from Ofcom's reserved drama/fiction ranges and reach nobody.
Fairbourne Plumbing Group (Demo),Plumber,"139 Victoria Road, Reading",Reading,RG1 5AX,Berkshire,0118 496 0003,https://www.fairbourne-plumbing-group.example.com,4.5,112,https://www.google.com/maps/place/?q=place_id:DEMO0063,DEMOPLACE0063,24/7 emergency plumbing and heating callouts across Reading. Gas Safe registered engineers.,"[""Monday: 8:30 AM \u2013 5:00 PM"", ""Tuesday: 8:30 AM \u2013 5:00 PM"", ""Wednesday: 8:30 AM \u2013 5:00 PM"", ""Thursday: 8:30 AM \u2013 5:00 PM"", ""Friday: 8:30 AM \u2013 4:30 PM"", ""Saturday: Closed"", ""Sunday: Closed""]",info@fairbourne-plumbing-group.example.com,18,no,no,emergency plumber in Reading,Fictional demo record. Phone numbers are from Ofcom's reserved drama/fiction ranges and reach nobody.
Kestrel Plumbing Group (Demo),HVAC contractor,"88 Bridge Street, Edinburgh",Edinburgh,EH11 8UR,Scotland,0131 496 0003,,4.6,426,https://www.google.com/maps/place/?q=place_id:DEMO0064,DEMOPLACE0064,"Emergency plumbers on call 24 hours a day, 7 days a week. Same-day response across Edinburgh.","[""Monday: Open 24 hours"", ""Tuesday: Open 24 hours"", ""Wednesday: Open 24 hours"", ""Thursday: Open 24 hours"", ""Friday: Open 24 hours"", ""Saturday: Open 24 hours"", ""Sunday: Open 24 hours""]",,,no,no,plumbing and heating in Edinburgh,Fictional demo record. Phone numbers are from Ofcom's reserved drama/fiction ranges and reach nobody.
Kestrel Plumbing & Heating (Demo),Plumber,"35 High Street, Glasgow",Glasgow,G41 1XX,Scotland,07700 900246,https://www.kestrel-plumbing--heating.example.com,4.7,511,https://www.google.com/maps/place/?q=place_id:DEMO0065,DEMOPLACE0065,"Gas Safe heating engineers specialising in boiler breakdowns, servicing and central heating upgrades. Open 24 hours for emergencies.","[""Monday: Open 24 hours"", ""Tuesday: Open 24 hours"", ""Wednesday: Open 24 hours"", ""Thursday: Open 24 hours"", ""Friday: Open 24 hours"", ""Saturday: Open 24 hours"", ""Sunday: Open 24 hours""]",,12,no,no,plumber in Glasgow,Fictional demo record. Phone numbers are from Ofcom's reserved drama/fiction ranges and reach nobody.
Granville Plumbing & Heating (Demo),Heating contractor,"155 Station Road, Liverpool",Liverpool,L18 3JX,Merseyside,0151 496 0003,https://www.granville-plumbing--heating.example.com,4.1,56,https://www.google.com/maps/place/?q=place_id:DEMO0066,DEMOPLACE0066,24/7 emergency plumbing and heating callouts across Liverpool. Gas Safe registered engineers.,"[""Monday: Open 24 hours"", ""Tuesday: Open 24 hours"", ""Wednesday: Open 24 hours"", ""Thursday: Open 24 hours"", ""Friday: Open 24 hours"", ""Saturday: Open 24 hours"", ""Sunday: Open 24 hours""]",info@granville-plumbing--heating.example.com,18,yes,no,heating engineer in Liverpool,Fictional demo record. Phone numbers are from Ofcom's reserved drama/fiction ranges and reach nobody.
Blackthorn Boiler Care (Demo),Boiler supplier,"66 Station Road, Newcastle upon Tyne",Newcastle upon Tyne,NE6 5XQ,Tyne and Wear,0191 498 0003,https://www.blackthorn-boiler-care.example.com,4.8,167,https://www.google.com/maps/place/?q=place_id:DEMO0067,DEMOPLACE0067,"Gas Safe heating engineers specialising in boiler breakdowns, servicing and central heating upgrades. Open 24 hours for emergencies.","[""Monday: Open 24 hours"", ""Tuesday: Open 24 hours"", ""Wednesday: Open 24 hours"", ""Thursday: Open 24 hours"", ""Friday: Open 24 hours"", ""Saturday: Open 24 hours"", ""Sunday: Open 24 hours""]",info@blackthorn-boiler-care.example.com,2,no,no,boiler repair in Newcastle upon Tyne,Fictional demo record. Phone numbers are from Ofcom's reserved drama/fiction ranges and reach nobody.
Vantage Heating & Gas (Demo),Plumber,"172 Bridge Street, Cardiff",Cardiff,CF24 5DD,Wales,029 2018 0003,https://www.vantage-heating--gas.example.com,4.7,167,https://www.google.com/maps/place/?q=place_id:DEMO0068,DEMOPLACE0068,"Local plumber in Cardiff for leaks, blockages, bathrooms and general plumbing repairs.","[""Monday: 8:30 AM \u2013 5:00 PM"", ""Tuesday: 8:30 AM \u2013 5:00 PM"", ""Wednesday: 8:30 AM \u2013 5:00 PM"", ""Thursday: 8:30 AM \u2013 5:00 PM"", ""Friday: 8:30 AM \u2013 4:30 PM"", ""Saturday: Closed"", ""Sunday: Closed""]",info@vantage-heating--gas.example.com,18,no,no,emergency plumber in Cardiff,Fictional demo record. Phone numbers are from Ofcom's reserved drama/fiction ranges and reach nobody.
Northgate Plumbing Co (Demo),HVAC contractor,"186 Church Way, Bradford",Bradford,BD7 2SL,West Yorkshire,01632 960017,,4.1,138,https://www.google.com/maps/place/?q=place_id:DEMO0069,DEMOPLACE0069,"Emergency plumbers on call 24 hours a day, 7 days a week. Same-day response across Bradford.","[""Monday: 8:00 AM \u2013 5:30 PM"", ""Tuesday: 8:00 AM \u2013 5:30 PM"", ""Wednesday: 8:00 AM \u2013 5:30 PM"", ""Thursday: 8:00 AM \u2013 5:30 PM"", ""Friday: 8:00 AM \u2013 5:00 PM"", ""Saturday: 9:00 AM \u2013 1:00 PM"", ""Sunday: Closed""]",,,no,no,plumbing and heating in Bradford,Fictional demo record. Phone numbers are from Ofcom's reserved drama/fiction ranges and reach nobody.
Hollowmead Boiler Care (Demo),Plumber,"111 High Street, Coventry",Coventry,CV1 3DD,West Midlands,01632 960018,https://www.hollowmead-boiler-care.example.com,4.5,251,https://www.google.com/maps/place/?q=place_id:DEMO0070,DEMOPLACE0070,24/7 emergency plumbing and heating callouts across Coventry. Gas Safe registered engineers.,"[""Monday: 8:30 AM \u2013 5:00 PM"", ""Tuesday: 8:30 AM \u2013 5:00 PM"", ""Wednesday: 8:30 AM \u2013 5:00 PM"", ""Thursday: 8:30 AM \u2013 5:00 PM"", ""Friday: 8:30 AM \u2013 4:30 PM"", ""Saturday: Closed"", ""Sunday: Closed""]",info@hollowmead-boiler-care.example.com,,no,no,plumber in Coventry,Fictional demo record. Phone numbers are from Ofcom's reserved drama/fiction ranges and reach nobody.
Elmsworth Gas & Heating (Demo),Heating contractor,"133 Park Avenue, Derby",Derby,DE22 1TW,Derbyshire,01632 960019,https://www.elmsworth-gas--heating.example.com,4.6,56,https://www.google.com/maps/place/?q=place_id:DEMO0071,DEMOPLACE0071,"Drainage, plumbing and heating specialists serving Derby and the surrounding area.","[""Monday: 8:00 AM \u2013 5:30 PM"", ""Tuesday: 8:00 AM \u2013 5:30 PM"", ""Wednesday: 8:00 AM \u2013 5:30 PM"", ""Thursday: 8:00 AM \u2013 5:30 PM"", ""Friday: 8:00 AM \u2013 5:00 PM"", ""Saturday: 9:00 AM \u2013 1:00 PM"", ""Sunday: Closed""]",,4,no,yes,heating engineer in Derby,Fictional demo record. Phone numbers are from Ofcom's reserved drama/fiction ranges and reach nobody.
Redmoor Heating Services (Demo),Boiler supplier,"13 Church Way, Norwich",Norwich,NR3 7BG,Norfolk,07700 900124,https://www.redmoor-heating-services.example.com,4.8,138,https://www.google.com/maps/place/?q=place_id:DEMO0072,DEMOPLACE0072,"Commercial and domestic heating contractor. Boiler installation, power flushing and landlord certificates.","[""Monday: 8:00 AM \u2013 5:30 PM"", ""Tuesday: 8:00 AM \u2013 5:30 PM"", ""Wednesday: 8:00 AM \u2013 5:30 PM"", ""Thursday: 8:00 AM \u2013 5:30 PM"", ""Friday: 8:00 AM \u2013 5:00 PM"", ""Saturday: 9:00 AM \u2013 1:00 PM"", ""Sunday: Closed""]",,2,yes,no,boiler repair in Norwich,Fictional demo record. Phone numbers are from Ofcom's reserved drama/fiction ranges and reach nobody.
Oakhurst Heating Services (Demo),Plumber,"126 Mill Lane, Plymouth",Plymouth,PL4 9RA,Devon,01632 960021,https://www.oakhurst-heating-services.example.com,4.7,426,https://www.google.com/maps/place/?q=place_id:DEMO0073,DEMOPLACE0073,"Boiler repairs, servicing and new boiler installations for domestic customers in Plymouth.","[""Monday: 8:00 AM \u2013 5:30 PM"", ""Tuesday: 8:00 AM \u2013 5:30 PM"", ""Wednesday: 8:00 AM \u2013 5:30 PM"", ""Thursday: 8:00 AM \u2013 5:30 PM"", ""Friday: 8:00 AM \u2013 5:00 PM"", ""Saturday: 9:00 AM \u2013 1:00 PM"", ""Sunday: Closed""]",info@oakhurst-heating-services.example.com,3,no,no,emergency plumber in Plymouth,Fictional demo record. Phone numbers are from Ofcom's reserved drama/fiction ranges and reach nobody.
Granville Plumbing Services (Demo),HVAC contractor,"147 Station Road, Southampton",Southampton,SO15 3AQ,Hampshire,07700 900219,https://www.granville-plumbing-services.example.com,4.7,8,https://www.google.com/maps/place/?q=place_id:DEMO0074,DEMOPLACE0074,"Emergency plumbers on call 24 hours a day, 7 days a week. Same-day response across Southampton.","[""Monday: Open 24 hours"", ""Tuesday: Open 24 hours"", ""Wednesday: Open 24 hours"", ""Thursday: Open 24 hours"", ""Friday: Open 24 hours"", ""Saturday: Open 24 hours"", ""Sunday: Open 24 hours""]",info@granville-plumbing-services.example.com,,no,no,plumbing and heating in Southampton,Fictional demo record. Phone numbers are from Ofcom's reserved drama/fiction ranges and reach nobody.
Kingsmoor Plumbing & Heating (Demo),Plumber,"66 Mill Lane, Brighton",Brighton,BN2 1FG,East Sussex,01632 960023,,4.9,74,https://www.google.com/maps/place/?q=place_id:DEMO0075,DEMOPLACE0075,"Local plumber in Brighton for leaks, blockages, bathrooms and general plumbing repairs.","[""Monday: 8:00 AM \u2013 5:30 PM"", ""Tuesday: 8:00 AM \u2013 5:30 PM"", ""Wednesday: 8:00 AM \u2013 5:30 PM"", ""Thursday: 8:00 AM \u2013 5:30 PM"", ""Friday: 8:00 AM \u2013 5:00 PM"", ""Saturday: 9:00 AM \u2013 1:00 PM"", ""Sunday: Closed""]",,18,no,no,plumber in Brighton,Fictional demo record. Phone numbers are from Ofcom's reserved drama/fiction ranges and reach nobody.
Granville Plumbing Co (Demo),Heating contractor,"175 High Street, Milton Keynes",Milton Keynes,MK9 5SR,Buckinghamshire,01632 960024,https://www.granville-plumbing-co.example.com,4.8,251,https://www.google.com/maps/place/?q=place_id:DEMO0076,DEMOPLACE0076,24/7 emergency plumbing and heating callouts across Milton Keynes. Gas Safe registered engineers.,"[""Monday: 8:30 AM \u2013 5:00 PM"", ""Tuesday: 8:30 AM \u2013 5:00 PM"", ""Wednesday: 8:30 AM \u2013 5:00 PM"", ""Thursday: 8:30 AM \u2013 5:00 PM"", ""Friday: 8:30 AM \u2013 4:30 PM"", ""Saturday: Closed"", ""Sunday: Closed""]",info@granville-plumbing-co.example.com,12,yes,no,heating engineer in Milton Keynes,Fictional demo record. Phone numbers are from Ofcom's reserved drama/fiction ranges and reach nobody.
Ironsgate Plumbing Group (Demo),Boiler supplier,"202 Queens Road, Stockport",Stockport,SK3 9UJ,Greater Manchester,0161 496 0009,https://www.ironsgate-plumbing-group.example.com,4.6,402,https://www.google.com/maps/place/?q=place_id:DEMO0077,DEMOPLACE0077,"Local plumber in Stockport for leaks, blockages, bathrooms and general plumbing repairs.","[""Monday: 8:00 AM \u2013 5:30 PM"", ""Tuesday: 8:00 AM \u2013 5:30 PM"", ""Wednesday: 8:00 AM \u2013 5:30 PM"", ""Thursday: 8:00 AM \u2013 5:30 PM"", ""Friday: 8:00 AM \u2013 5:00 PM"", ""Saturday: 9:00 AM \u2013 1:00 PM"", ""Sunday: Closed""]",info@ironsgate-plumbing-group.example.com,6,no,no,boiler repair in Stockport,Fictional demo record. Phone numbers are from Ofcom's reserved drama/fiction ranges and reach nobody.
Marlow Vale Plumbing Services (Demo),Plumber,"67 Bridge Street, London",London,SE1 4XY,Greater London,020 7946 0007,,4.6,402,https://www.google.com/maps/place/?q=place_id:DEMO0078,DEMOPLACE0078,"Drainage, plumbing and heating specialists serving London and the surrounding area.","[""Monday: 8:00 AM \u2013 5:30 PM"", ""Tuesday: 8:00 AM \u2013 5:30 PM"", ""Wednesday: 8:00 AM \u2013 5:30 PM"", ""Thursday: 8:00 AM \u2013 5:30 PM"", ""Friday: 8:00 AM \u2013 5:00 PM"", ""Saturday: 9:00 AM \u2013 1:00 PM"", ""Sunday: Closed""]",,4,no,no,emergency plumber in London,Fictional demo record. Phone numbers are from Ofcom's reserved drama/fiction ranges and reach nobody.
Yarrowfield Drains & Plumbing (Demo),HVAC contractor,"215 Queens Road, London",London,N4 5YD,Greater London,020 7946 0008,,4.1,167,https://www.google.com/maps/place/?q=place_id:DEMO0079,DEMOPLACE0079,Family-run plumbing and heating company covering London. Emergency callouts available.,"[""Monday: 8:30 AM \u2013 5:00 PM"", ""Tuesday: 8:30 AM \u2013 5:00 PM"", ""Wednesday: 8:30 AM \u2013 5:00 PM"", ""Thursday: 8:30 AM \u2013 5:00 PM"", ""Friday: 8:30 AM \u2013 4:30 PM"", ""Saturday: Closed"", ""Sunday: Closed""]",,12,no,no,plumbing and heating in London,Fictional demo record. Phone numbers are from Ofcom's reserved drama/fiction ranges and reach nobody.
Stonebridge Drains & Plumbing (Demo),Plumber,"68 Church Way, Manchester",Manchester,M20 7HP,Greater Manchester,0161 496 0010,,4.0,8,https://www.google.com/maps/place/?q=place_id:DEMO0080,DEMOPLACE0080,"Boiler repairs, servicing and new boiler installations for domestic customers in Manchester. Open 24 hours for emergencies.","[""Monday: Open 24 hours"", ""Tuesday: Open 24 hours"", ""Wednesday: Open 24 hours"", ""Thursday: Open 24 hours"", ""Friday: Open 24 hours"", ""Saturday: Open 24 hours"", ""Sunday: Open 24 hours""]",,4,no,no,plumber in Manchester,Fictional demo record. Phone numbers are from Ofcom's reserved drama/fiction ranges and reach nobody.
Uppermill Boiler Care (Demo),Heating contractor,"146 High Street, Salford",Salford,M50 7NW,Greater Manchester,0161 496 0011,https://www.uppermill-boiler-care.example.com,4.7,23,https://www.google.com/maps/place/?q=place_id:DEMO0081,DEMOPLACE0081,24/7 emergency plumbing and heating callouts across Salford. Gas Safe registered engineers.,"[""Monday: 8:30 AM \u2013 5:00 PM"", ""Tuesday: 8:30 AM \u2013 5:00 PM"", ""Wednesday: 8:30 AM \u2013 5:00 PM"", ""Thursday: 8:30 AM \u2013 5:00 PM"", ""Friday: 8:30 AM \u2013 4:30 PM"", ""Saturday: Closed"", ""Sunday: Closed""]",info@uppermill-boiler-care.example.com,,yes,yes,heating engineer in Salford,Fictional demo record. Phone numbers are from Ofcom's reserved drama/fiction ranges and reach nobody.
Fairbourne Heating Services (Demo),Boiler supplier,"98 Park Avenue, Birmingham",Birmingham,B15 1RU,West Midlands,07700 900975,https://www.fairbourne-heating-services.example.com,4.3,96,https://www.google.com/maps/place/?q=place_id:DEMO0082,DEMOPLACE0082,"Drainage, plumbing and heating specialists serving Birmingham and the surrounding area. Open 24 hours for emergencies.","[""Monday: Open 24 hours"", ""Tuesday: Open 24 hours"", ""Wednesday: Open 24 hours"", ""Thursday: Open 24 hours"", ""Friday: Open 24 hours"", ""Saturday: Open 24 hours"", ""Sunday: Open 24 hours""]",info@fairbourne-heating-services.example.com,12,no,yes,boiler repair in Birmingham,Fictional demo record. Phone numbers are from Ofcom's reserved drama/fiction ranges and reach nobody.
Marlow Vale Heating & Gas (Demo),Plumber,"216 Victoria Road, Solihull",Solihull,B91 3JU,West Midlands,07700 900910,https://www.marlow-vale-heating--gas.example.com,3.8,8,https://www.google.com/maps/place/?q=place_id:DEMO0083,DEMOPLACE0083,"Emergency plumbers on call 24 hours a day, 7 days a week. Same-day response across Solihull.","[""Monday: Open 24 hours"", ""Tuesday: Open 24 hours"", ""Wednesday: Open 24 hours"", ""Thursday: Open 24 hours"", ""Friday: Open 24 hours"", ""Saturday: Open 24 hours"", ""Sunday: Open 24 hours""]",info@marlow-vale-heating--gas.example.com,12,no,no,emergency plumber in Solihull,Fictional demo record. Phone numbers are from Ofcom's reserved drama/fiction ranges and reach nobody.
Thornwick Plumbing Co (Demo),HVAC contractor,"131 Station Road, Leeds",Leeds,LS11 9TA,West Yorkshire,0113 496 0004,https://www.thornwick-plumbing-co.example.com,4.3,204,https://www.google.com/maps/place/?q=place_id:DEMO0084,DEMOPLACE0084,"Boiler repairs, servicing and new boiler installations for domestic customers in Leeds. Open 24 hours for emergencies.","[""Monday: Open 24 hours"", ""Tuesday: Open 24 hours"", ""Wednesday: Open 24 hours"", ""Thursday: Open 24 hours"", ""Friday: Open 24 hours"", ""Saturday: Open 24 hours"", ""Sunday: Open 24 hours""]",,12,yes,no,plumbing and heating in Leeds,Fictional demo record. Phone numbers are from Ofcom's reserved drama/fiction ranges and reach nobody.
Vantage Drains & Plumbing (Demo),Plumber,"215 Victoria Road, Sheffield",Sheffield,S11 8NL,South Yorkshire,07700 900618,https://www.vantage-drains--plumbing.example.com,4.6,17,https://www.google.com/maps/place/?q=place_id:DEMO0085,DEMOPLACE0085,"Drainage, plumbing and heating specialists serving Sheffield and the surrounding area. Open 24 hours for emergencies.","[""Monday: Open 24 hours"", ""Tuesday: Open 24 hours"", ""Wednesday: Open 24 hours"", ""Thursday: Open 24 hours"", ""Friday: Open 24 hours"", ""Saturday: Open 24 hours"", ""Sunday: Open 24 hours""]",,8,yes,no,plumber in Sheffield,Fictional demo record. Phone numbers are from Ofcom's reserved drama/fiction ranges and reach nobody.
Pinnacle Row Heating Services (Demo),Heating contractor,"94 High Street, Nottingham",Nottingham,NG7 1LJ,Nottinghamshire,0115 496 0004,https://www.pinnacle-row-heating-services.example.com,4.8,511,https://www.google.com/maps/place/?q=place_id:DEMO0086,DEMOPLACE0086,"Boiler repairs, servicing and new boiler installations for domestic customers in Nottingham. Open 24 hours for emergencies.","[""Monday: Open 24 hours"", ""Tuesday: Open 24 hours"", ""Wednesday: Open 24 hours"", ""Thursday: Open 24 hours"", ""Friday: Open 24 hours"", ""Saturday: Open 24 hours"", ""Sunday: Open 24 hours""]",,2,no,no,heating engineer in Nottingham,Fictional demo record. Phone numbers are from Ofcom's reserved drama/fiction ranges and reach nobody.
Marlow Vale Boiler Care (Demo),Boiler supplier,"73 Queens Road, Leicester",Leicester,LE2 4GZ,Leicestershire,0116 496 0004,https://www.marlow-vale-boiler-care.example.com,3.9,17,https://www.google.com/maps/place/?q=place_id:DEMO0087,DEMOPLACE0087,"Local plumber in Leicester for leaks, blockages, bathrooms and general plumbing repairs.","[""Monday: 8:30 AM \u2013 5:00 PM"", ""Tuesday: 8:30 AM \u2013 5:00 PM"", ""Wednesday: 8:30 AM \u2013 5:00 PM"", ""Thursday: 8:30 AM \u2013 5:00 PM"", ""Friday: 8:30 AM \u2013 4:30 PM"", ""Saturday: Closed"", ""Sunday: Closed""]",,,no,no,boiler repair in Leicester,Fictional demo record. Phone numbers are from Ofcom's reserved drama/fiction ranges and reach nobody.
Thornwick Plumbing Group (Demo),Plumber,"203 Victoria Road, Bristol",Bristol,BS5 1LD,Bristol,0117 496 0004,https://www.thornwick-plumbing-group.example.com,4.4,742,https://www.google.com/maps/place/?q=place_id:DEMO0088,DEMOPLACE0088,"Gas Safe heating engineers specialising in boiler breakdowns, servicing and central heating upgrades.","[""Monday: 8:30 AM \u2013 5:00 PM"", ""Tuesday: 8:30 AM \u2013 5:00 PM"", ""Wednesday: 8:30 AM \u2013 5:00 PM"", ""Thursday: 8:30 AM \u2013 5:00 PM"", ""Friday: 8:30 AM \u2013 4:30 PM"", ""Saturday: Closed"", ""Sunday: Closed""]",,4,no,yes,emergency plumber in Bristol,Fictional demo record. Phone numbers are from Ofcom's reserved drama/fiction ranges and reach nobody.
Kingsmoor Gas & Heating (Demo),HVAC contractor,"44 Church Way, Reading",Reading,RG1 7BN,Berkshire,0118 496 0004,https://www.kingsmoor-gas--heating.example.com,4.2,204,https://www.google.com/maps/place/?q=place_id:DEMO0089,DEMOPLACE0089,"Boiler repairs, servicing and new boiler installations for domestic customers in Reading. Open 24 hours for emergencies.","[""Monday: Open 24 hours"", ""Tuesday: Open 24 hours"", ""Wednesday: Open 24 hours"", ""Thursday: Open 24 hours"", ""Friday: Open 24 hours"", ""Saturday: Open 24 hours"", ""Sunday: Open 24 hours""]",info@kingsmoor-gas--heating.example.com,,yes,no,plumbing and heating in Reading,Fictional demo record. Phone numbers are from Ofcom's reserved drama/fiction ranges and reach nobody.
